-0.169,0.047,-0.956,51.636,-10.681,77.271,177.841,27.806,24.335
-0.203,0.017,-0.916,59.692,-15.32,85.51,179.929,28.125,20.303
-0.197,-0.122,-0.904,57.434,-13.184,61.462,-177.671,28.757,16.738
-0.284,-0.097,-1.001,35.339,-15.808,51.88,-175.814,29.482,14.172
-0.312,-0.071,-0.903,23.743,3.357,17.273,-174.721,29.993,12.772
-0.215,-0.046,-0.909,7.568,13.245,-4.272,-174.04,29.647,12.936
-0.116,0.029,-0.956,-6.714,22.156,-16.479,-173.99,28.828,13.914
0.07,0.045,-0.945,-17.639,19.714,-22.522,-174.529,27.762,15.194
0.11,0.256,-0.746,-29.724,-25.879,-19.592,-175.765,27.719,16.666
-0.14,0.209,-0.828,5.31,-21.545,-28.564,-176.188,28.757,18.149
0.035,-0.011,-0.908,6.592,17.029,-20.02,-175.644,28.251,19.753
0.063,0.006,-0.929,1.038,-2.319,-13.977,-175.534,27.576,20.786
0.001,0.062,-0.859,4.089,-9.583,-3.54,-175.446,27.581,21.473
-0.119,0.072,-0.83,15.93,-14.221,11.169,-175.117,28.081,21.539
-0.02,-0.026,-0.705,18.799,-3.723,17.761,-174.441,28.268,21.105
-0.104,-0.058,-0.941,25.146,6.775,17.639,-173.595,27.878,20.5
-0.173,-0.026,-0.964,26.672,10.803,29.541,-172.65,27.46,19.545
-0.046,-0.133,-0.893,10.437,-6.531,12.268,-171.711,27.186,18.792
-0.219,-0.056,-0.938,11.963,-19.348,1.77,-171.244,27.762,18.842
-0.265,-0.184,-0.985,25.452,-10.071,-4.7,-170.189,28.378,19.38
-0.233,-0.263,-0.947,20.203,-5.859,-1.831,-168.997,28.784,20.006
-0.288,-0.238,-1.005,11.292,1.343,-7.996,-168.278,29.059,20.566
-0.204,-0.3,-1.062,-1.526,6.958,-4.883,-167.866,28.845,21.352
-0.116,-0.318,-1.061,-16.602,12.512,-20.02,-168.118,28.229,22.516
-0.094,-0.215,-1.065,-21.057,2.625,-10.864,-168.865,27.85,23.621
-0.125,-0.208,-0.993,-17.334,-9.949,-2.014,-169.431,28.103,24.483
-0.167,-0.19,-1.018,-21.545,-15.076,-4.272,-170.096,28.735,25.131
-0.215,-0.117,-1.038,-28.137,-12.268,-2.319,-171.134,29.361,25.785
-0.219,-0.035,-1.04,-24.048,-7.568,-14.893,-172.26,29.806,26.708
-0.204,-0.029,-1.02,-20.203,-8.179,-14.404,-173.117,30.152,27.922
-0.227,-0.029,-1.057,-7.629,-3.784,-23.804,-173.546,30.465,29.421
-0.229,-0.054,-1.093,-12.573,1.77,-21.362,-173.776,30.443,30.932
-0.182,-0.082,-1.124,-7.019,3.052,-40.588,-173.996,30.3,33.03
-0.232,-0.146,-1.14,-11.475,-8.057,-38.574,-174.04,30.383,35.464
-0.246,-0.179,-1.119,-23.865,-9.216,-27.405,-174.402,30.784,37.59
-0.381,-0.03,-1.174,-33.386,-14.648,-12.695,-175.551,31.437,38.99
-0.21,-0.057,-1.052,-26.062,0.0,-12.817,-176.841,31.75,39.82
-0.038,-0.143,-0.931,-35.339,-14.648,-15.442,-178.061,32.173,40.941
-0.205,0.029,-0.914,-50.415,-33.508,-10.925,-179.951,33.53,42.006
-0.346,0.125,-0.962,-44.25,-31.433,-11.292,178.006,35.112,42.759
-0.308,0.097,-0.896,-41.626,-19.775,-19.775,176.347,36.304,43.704
-0.244,0.142,-0.877,-43.579,-19.043,-16.541,174.716,37.266,44.978
-0.329,0.184,-0.862,-46.509,-25.391,-26.123,172.87,38.469,46.049
-0.36,0.233,-0.82,-40.405,-15.381,-34.424,171.359,39.754,47.785
-0.375,0.262,-0.826,-38.757,-15.076,-39.734,170.063,40.858,49.675
-0.445,0.296,-0.813,-36.255,-19.836,-37.781,168.986,42.171,51.713
-0.509,0.361,-0.781,-32.654,-18.066,-37.17,167.871,43.599,53.47
-0.555,0.354,-0.761,-18.311,-20.996,-27.466,167.173,45.005,54.981
-0.569,0.296,-0.682,-12.451,-19.653,-31.494,166.838,46.5,56.239
-0.573,0.297,-0.681,-23.743,-16.968,-31.372,166.575,47.906,57.843
-0.675,0.392,-0.722,-18.372,-15.503,-28.076,165.97,49.296,59.117
-0.671,0.294,-0.759,-11.963,-3.235,-26.245,166.009,50.186,60.568
-0.643,0.279,-0.716,-15.259,-7.263,-23.499,165.828,51.026,61.859
-0.67,0.275,-0.645,-28.259,-13.367,-4.211,164.877,51.949,62.397
-0.677,0.315,-0.583,-33.02,-23.499,-2.991,163.092,53.102,62.194
-0.785,0.514,-0.565,-26.55,-28.687,8.24,160.873,54.641,61.315
-0.85,0.48,-0.601,16.113,-4.822,3.113,159.895,55.679,60.447
-0.71,0.36,-0.604,30.945,16.113,12.085,160.587,55.547,60.013
-0.572,0.269,-0.681,31.433,19.226,18.005,161.686,54.608,59.513
-0.585,0.255,-0.739,30.762,24.658,14.648,162.79,53.525,59.046
-0.52,0.25,-0.818,27.832,38.208,9.521,164.103,51.987,59.041
-0.446,0.199,-0.831,28.687,40.833,-0.244,165.723,50.164,59.612
-0.37,0.178,-0.881,17.944,35.645,-3.479,167.338,48.45,60.634
-0.341,0.195,-0.864,17.822,29.968,-2.686,168.563,46.912,61.436
-0.375,0.236,-0.89,17.395,15.869,2.38,169.514,45.89,61.837
-0.398,0.219,-0.934,21.79,16.602,-0.977,170.601,45.022,62.155
-0.337,0.17,-0.909,16.418,14.038,0.854,171.678,44.165,62.545
-0.34,0.165,-0.894,7.751,6.104,-2.808,172.288,43.632,62.831
-0.395,0.216,-0.896,5.066,4.211,-4.517,172.612,43.423,63.265
-0.382,0.21,-0.877,10.193,-0.671,-0.122,172.98,43.264,63.589
-0.383,0.135,-0.865,14.832,-1.709,3.967,173.529,43.237,63.6
-0.438,0.157,-0.894,9.827,-2.869,10.742,173.881,43.297,63.309
-0.452,0.128,-0.902,9.583,2.014,8.24,174.15,43.226,62.957
-0.406,0.103,-0.902,8.484,8.179,0.183,174.474,42.918,62.924
-0.395,0.057,-0.902,4.944,3.052,-6.165,174.941,42.682,63.353
-0.44,0.084,-0.907,-1.526,3.601,-1.099,175.182,42.638,63.858
-0.414,0.094,-0.925,0.0,9.338,3.174,175.21,42.347,64.067
-0.34,0.095,-0.911,-5.371,1.77,5.493,175.106,42.012,64.078
-0.367,0.117,-0.888,-6.409,-2.014,4.456,174.776,42.017,64.006
-0.414,0.14,-0.876,-5.066,-3.601,2.991,174.43,42.127,63.94
-0.423,0.124,-0.886,-2.625,5.249,3.357,174.265,42.045,63.957
-0.382,0.088,-0.919,-3.296,11.169,8.362,174.161,41.545,63.907
-0.337,0.085,-0.915,-13.916,5.981,13.55,173.568,41.05,63.506
-0.397,0.191,-0.917,-22.644,0.732,10.315,172.447,40.875,63.029
-0.371,0.234,-0.89,-15.93,6.958,8.301,171.403,40.622,62.693
-0.313,0.242,-0.869,-12.39,5.859,9.155,170.612,40.21,62.364
-0.351,0.263,-0.875,-4.883,-1.221,9.949,169.942,40.034,61.793
-0.33,0.225,-0.878,-2.014,1.709,5.005,169.656,39.919,61.403
-0.353,0.246,-0.899,-2.625,2.258,8.301,169.376,39.771,61.024
-0.339,0.241,-0.902,-2.136,3.906,5.127,169.135,39.512,60.656
-0.302,0.231,-0.907,0.244,2.319,5.798,169.041,39.243,60.441
-0.327,0.248,-0.916,-1.831,-3.235,3.296,168.909,39.216,60.145
-0.315,0.234,-0.896,-1.709,2.38,0.732,168.849,39.155,60.079
-0.281,0.229,-0.875,-7.751,-5.127,0.183,168.563,39.21,59.974
-0.376,0.264,-0.861,-7.446,-8.301,-6.531,168.179,39.584,59.985
-0.387,0.241,-0.832,-6.775,-8.972,-9.949,167.953,40.106,60.249
-0.456,0.269,-0.878,-4.333,-2.808,-3.296,167.761,40.54,60.43
-0.427,0.271,-0.889,-1.77,8.789,-1.648,167.684,40.43,60.54
-0.32,0.262,-0.87,-3.784,10.681,-1.953,167.607,39.952,60.754
-0.334,0.287,-0.851,-6.653,-0.427,0.061,167.393,39.743,60.892
-0.421,0.349,-0.875,-2.563,3.784,4.639,167.075,39.705,60.738
-0.338,0.282,-0.88,5.554,8.789,-0.671,167.162,39.221,60.535
-0.361,0.275,-0.882,3.418,10.62,-8.118,167.47,38.886,60.809
-0.291,0.288,-0.888,-1.953,13.184,-14.099,167.646,38.43,61.392
-0.23,0.283,-0.912,4.211,7.629,-20.63,167.992,38.156,62.325
-0.174,0.247,-0.91,6.104,-4.944,-21.24,168.635,38.359,63.386
-0.268,0.283,-0.909,4.517,-24.78,-11.902,169.019,39.199,63.902
-0.435,0.181,-0.861,17.09,-29.175,-16.785,169.64,40.688,63.984
-0.506,0.116,-0.878,17.7,-21.362,-30.396,170.909,42.138,65.017
-0.494,0.06,-0.865,8.484,2.319,-16.479,172.051,42.709,66.204
-0.436,0.105,-0.883,-3.784,8.85,-10.681,172.469,42.616,67.033
-0.425,0.154,-0.874,-11.108,2.319,-13.916,172.491,42.501,67.945
-0.375,0.213,-0.854,-12.939,16.174,2.869,172.002,42.193,68.329
-0.349,0.247,-0.886,-13.245,8.911,-2.197,171.431,41.633,68.511
-0.334,0.271,-0.871,-5.31,2.136,-10.437,171.046,41.413,68.807
-0.382,0.261,-0.865,-2.502,-4.578,-22.827,171.151,41.644,69.664
-0.457,0.177,-0.839,-6.775,3.906,-26.489,171.409,42.067,70.9
-0.428,0.204,-0.852,-14.16,14.282,-23.926,171.392,41.946,72.318
-0.33,0.255,-0.878,-14.832,19.714,-15.503,171.101,41.281,73.553
-0.327,0.29,-0.881,-11.108,17.273,-12.878,170.739,40.567,74.46
-0.342,0.252,-0.894,0.061,10.315,-8.911,170.722,40.073,75.103
-0.323,0.245,-0.91,3.174,14.16,1.343,170.843,39.485,75.344
-0.276,0.225,-0.912,7.507,8.484,3.296,171.041,38.864,75.207
-0.294,0.227,-0.919,9.644,0.183,-5.554,171.453,38.666,75.344
-0.351,0.118,-0.929,11.475,2.014,-15.625,172.227,38.776,75.981
-0.332,0.092,-0.933,2.808,5.493,-13.367,172.826,38.699,76.816
-0.28,0.108,-0.948,-12.024,9.644,-9.827,172.826,38.315,77.498
-0.271,0.211,-0.948,-20.142,10.071,-8.057,172.189,37.903,78.091
-0.273,0.217,-0.917,-19.165,6.531,-13.0,171.475,37.54,78.766
-0.324,0.241,-0.906,-13.611,4.089,-13.489,170.936,37.403,79.541
-0.26,0.268,-0.925,-5.737,-1.77,-8.057,170.645,37.414,80.123
-0.328,0.219,-0.916,9.338,-5.798,7.874,170.722,37.65,79.986
-0.303,0.179,-0.901,7.141,-3.967,14.954,170.909,37.689,79.299
-0.333,0.257,-0.918,1.16,-5.676,1.16,170.832,37.859,78.766
-0.325,0.211,-0.902,7.385,-4.333,-1.282,171.057,38.084,78.723
-0.312,0.211,-0.887,-8.484,-4.333,-11.963,171.013,38.304,79.058
-0.372,0.216,-0.892,-7.324,-6.653,-21.606,170.898,38.782,79.942
-0.387,0.205,-0.89,-5.066,2.869,-18.982,170.997,39.084,81.101
-0.363,0.216,-0.895,-2.808,5.249,-11.23,171.068,39.062,81.92
-0.334,0.222,-0.894,-1.099,1.404,-8.667,171.151,39.012,82.48
-0.362,0.213,-0.901,0.244,4.456,-7.751,171.266,38.985,82.947
-0.332,0.207,-0.895,-3.418,7.263,-11.658,171.359,38.771,83.6
-0.344,0.199,-0.908,-3.052,9.583,-9.521,171.414,38.551,84.276
-0.32,0.202,-0.9,-3.479,9.155,-7.996,171.42,38.199,84.875
-0.297,0.198,-0.903,-3.235,8.179,-6.775,171.392,37.853,85.347
-0.315,0.204,-0.905,-4.089,6.409,-7.568,171.348,37.595,85.836
-0.296,0.206,-0.915,-4.211,14.526,-7.507,171.304,37.178,86.358
-0.274,0.22,-0.921,-4.272,16.296,-5.554,171.255,36.502,86.924
-0.271,0.257,-0.931,-5.554,15.869,-2.686,171.129,35.76,87.391
-0.252,0.286,-0.914,-8.362,20.386,8.301,170.739,34.81,87.479
-0.207,0.298,-0.918,-1.892,23.01,4.883,170.354,33.679,87.308
-0.13,0.287,-0.935,5.615,12.817,-6.531,170.453,32.833,87.649
-0.184,0.169,-0.954,13.245,5.31,-6.775,171.123,32.574,88.215
-0.206,0.151,-0.954,8.911,3.723,-3.235,171.678,32.338,88.599
-0.175,0.139,-0.931,8.85,10.742,2.686,172.139,31.888,88.802
-0.149,0.143,-0.951,6.958,5.737,0.793,172.551,31.437,88.984
-0.122,0.128,-0.968,0.977,-11.719,-5.188,172.793,31.624,89.324
-0.239,0.196,-0.968,-4.15,-14.282,4.089,172.722,32.305,89.572
-0.245,0.191,-0.932,-1.282,-15.869,4.883,172.529,32.893,89.401
-0.281,0.187,-0.934,-0.122,-8.972,9.949,172.447,33.475,89.225
-0.23,0.186,-0.925,-1.038,-14.16,8.423,172.277,33.871,88.808
-0.31,0.193,-0.926,-1.099,-26.306,2.319,172.134,34.86,88.533
-0.349,0.195,-0.902,0.122,-23.499,2.686,172.007,36.03,88.292
-0.392,0.188,-0.89,-0.305,-20.874,-0.305,171.936,37.112,88.149
-0.406,0.175,-0.882,-0.183,-15.442,-4.15,171.909,38.035,88.22
-0.422,0.169,-0.898,-3.296,-9.155,-9.277,171.92,136.873,2.137
0.133,-0.086,-0.957,-15.686,-14.343,48.584,-170.837,9.069,-46.846
0.065,-0.076,-0.976,-12.024,-14.587,44.983,-171.129,9.998,-48.713
0.079,-0.083,-0.982,-8.362,-8.118,39.307,-171.343,10.734,-50.367
0.082,-0.105,-0.977,-7.996,-15.076,33.386,-171.497,11.53,-51.636
0.042,-0.161,-0.955,-5.737,-18.372,25.269,-171.617,12.541,-52.515
0.002,-0.169,-0.997,-9.949,-15.869,25.33,-171.837,13.557,-53.212
-0.005,-0.14,-1.001,-13.977,-16.785,25.696,-172.244,14.518,-53.943
0.014,-0.112,-0.999,-15.442,-12.634,27.161,-172.776,15.392,-54.723
-0.022,-0.021,-1.048,-10.071,-15.076,24.231,-173.331,16.32,-55.481
0.018,-0.055,-1.056,-4.15,-6.775,21.484,-173.524,16.891,-56.047
0.055,-0.019,-0.901,-8.301,-33.386,23.071,-173.76,17.941,-56.591
-0.227,0.072,-0.999,-9.888,-32.043,29.663,-174.337,20.143,-57.272
-0.21,0.042,-0.995,-3.052,-2.991,32.532,-174.771,21.105,-58.277
-0.026,0.0,-0.947,-10.01,2.319,28.259,-175.133,21.0,-59.216
-0.042,0.049,-0.892,-14.709,-8.301,25.024,-175.869,21.259,-59.996
-0.13,0.096,-0.91,-12.756,-6.592,21.118,-176.677,21.786,-60.513
-0.084,0.14,-0.926,-8.972,-2.38,23.56,-177.38,22.05,-61.073
-0.017,0.147,-0.995,-4.578,6.836,28.015,-177.847,21.945,-61.771
0.023,0.181,-1.106,-4.639,2.014,28.687,-178.303,21.66,-62.622
-0.062,0.196,-1.244,-2.686,-13.672,28.748,-178.671,21.791,-63.397
-0.202,0.236,-1.334,-0.916,-14.282,32.288,-179.105,22.505,-64.451
-0.054,0.077,-1.198,13.306,16.663,23.254,-178.912,22.176,-65.067
0.209,-0.06,-0.909,16.968,11.047,26.611,-178.297,21.352,-65.687
0.075,-0.119,-0.887,12.634,-15.686,37.537,-177.72,21.588,-66.791
0.02,-0.193,-0.914,12.268,-3.296,27.71,-177.023,21.747,-67.906
-0.054,-0.198,-0.95,8.423,-8.667,20.142,-176.369,21.934,-68.445
-0.063,-0.177,-0.841,-0.916,-13.489,21.851,-175.941,22.346,-68.824
-0.11,-0.106,-0.858,-9.338,-22.522,31.616,-176.023,23.236,-69.538
-0.159,-0.084,-0.868,-8.667,-19.409,32.104,-176.402,24.45,-70.565
-0.114,-0.041,-0.896,-12.939,-9.033,36.011,-176.918,25.164,-71.636
-0.059,-0.063,-0.945,-5.798,-13.794,26.001,-177.374,25.675,-72.62
-0.179,-0.064,-1.129,-4.272,-12.573,15.686,-177.605,26.362,-73.015
-0.215,-0.086,-1.321,-5.798,-13.55,-16.174,-177.556,26.724,-72.23
-0.282,-0.001,-1.185,-9.949,-31.738,-30.701,-177.709,28.098,-70.384
-0.231,0.086,-1.051,-6.836,6.165,-34.363,-177.77,28.965,-68.011
0.132,0.083,-0.906,-9.949,30.945,-29.419,-177.863,27.779,-65.869
-0.041,0.232,-0.921,-19.409,-26.367,-26.001,-178.621,28.202,-64.012
-0.186,0.264,-0.947,-17.09,-17.883,-15.198,-179.462,29.059,-62.595
-0.227,0.27,-0.846,1.099,-7.69,-20.142,-179.929,29.63,-61.501
-0.213,0.178,-0.747,2.258,-9.094,-17.09,-179.846,29.993,-60.101
-0.172,0.136,-0.662,0.0,-17.151,-18.127,-179.901,30.641,-58.909
-0.277,0.132,-0.769,-11.292,-26.428,-20.63,179.736,32.009,-57.7
-0.303,0.193,-0.922,-15.32,-14.954,-24.536,179.11,33.173,-56.283
-0.249,0.295,-1.147,-11.475,8.972,-21.545,178.517,33.365,-54.673
-0.259,0.331,-1.332,-0.549,6.714,-7.69,178.182,32.992,-53.602
-0.439,0.187,-1.328,8.301,-22.156,12.024,178.077,33.431,-53.624
-0.378,0.046,-1.046,14.587,-1.709,8.728,178.347,33.926,-53.932
-0.086,-0.109,-0.857,17.273,10.742,4.456,179.094,33.261,-53.849
-0.114,-0.121,-0.85,9.949,-4.028,8.362,179.676,33.184,-53.828
-0.159,-0.056,-0.884,3.296,7.69,15.259,179.819,32.866,-54.207
-0.091,-0.064,-0.831,2.502,9.644,7.019,-179.967,32.256,-54.311
-0.21,-0.025,-0.795,1.099,-14.954,3.296,-179.78,32.498,-54.141
-0.268,-0.02,-0.746,0.366,-22.522,7.996,-179.648,33.382,-54.13
-0.381,0.004,-0.803,-0.61,-27.771,19.531,-179.747,34.755,-54.624
-0.376,-0.002,-0.86,-0.488,-24.719,24.231,179.951,35.964,-55.569
-0.441,-0.002,-0.932,-3.418,-25.33,24.963,179.566,37.271,-56.552
-0.486,-0.042,-1.1,3.54,-6.104,10.62,179.308,38.199,-57.277
-0.469,-0.037,-1.143,-1.099,-9.705,1.343,179.44,38.6,-57.184
-0.661,0.09,-1.233,-8.789,-35.461,-6.531,179.412,40.139,-56.673
-0.59,0.167,-1.033,-6.897,4.578,-11.597,179.247,41.155,-55.876
-0.17,0.233,-0.94,-18.311,41.199,-15.259,179.138,39.479,-54.646
-0.206,0.354,-0.92,-19.653,13.245,-23.193,178.407,38.452,-53.262
-0.354,0.331,-0.869,-1.953,22.339,-39.49,178.308,37.678,-51.191
-0.277,0.24,-0.729,2.991,24.597,-37.415,178.748,36.683,-48.988
-0.192,0.177,-0.553,8.667,13.306,-41.504,179.242,35.991,-46.961
-0.188,0.101,-0.581,9.888,5.31,-44.922,-179.934,35.782,-44.703
-0.298,0.116,-0.808,4.211,-4.883,-41.199,-179.357,36.156,-42.627
-0.334,0.075,-1.025,-1.892,-3.54,-29.968,-178.989,36.464,-40.886
-0.45,0.138,-1.229,-9.888,1.099,-12.024,-179.242,36.744,-40.012
-0.486,0.252,-1.232,1.831,-5.188,25.269,-179.857,36.617,-40.457
-0.547,0.167,-1.23,21.912,-2.258,35.522,-179.885,36.854,-42.166
-0.163,-0.107,-0.906,49.744,49.133,40.283,-178.737,35.728,-44.187
-0.022,-0.223,-0.913,55.176,36.133,37.659,-176.66,33.47,-46.176
-0.081,-0.4,-0.902,34.607,27.161,41.931,-174.446,32.157,-48.016
0.043,-0.309,-0.832,13.733,15.503,47.424,-173.524,30.998,-50.279
-0.112,-0.208,-0.646,1.831,-36.316,38.33,-173.243,31.624,-52.245
-0.309,-0.127,-0.639,-5.554,-47.424,37.903,-173.441,33.739,-53.91
-0.485,-0.1,-0.818,-5.127,-21.362,36.804,-173.875,35.557,-55.574
-0.453,-0.132,-0.909,-4.456,-4.028,37.598,-174.424,36.282,-57.343
-0.435,-0.142,-1.135,-5.005,5.493,19.165,-175.007,36.381,-58.837
-0.463,-0.153,-1.321,-4.517,18.311,-0.549,-175.139,35.881,-59.062
-0.278,-0.093,-1.163,-11.719,-13.062,-18.372,-175.188,35.717,-58.337
-0.282,0.157,-0.896,-19.104,24.902,-27.832,-175.638,36.145,-57.14
-0.118,0.178,-0.939,-21.79,37.903,-28.198,-176.182,34.36,-55.695
-0.217,0.318,-0.928,-17.944,16.357,-26.978,-177.072,33.239,-54.437
-0.286,0.304,-0.859,-2.197,24.414,-32.593,-177.462,32.272,-53.135
-0.139,0.186,-0.691,14.221,30.701,-38.635,-177.023,30.833,-51.597
-0.117,0.096,-0.626,17.151,10.193,-36.682,-176.215,29.905,-50.065
-0.309,0.043,-0.661,9.277,-13.489,-29.785,-175.523,30.284,-48.774
-0.412,0.02,-0.838,9.521,3.174,-25.696,-175.034,30.8,-47.763
-0.227,0.049,-1.077,2.686,36.194,-10.681,-174.814,29.8,-47.379
-0.042,0.059,-1.201,2.136,25.085,-10.62,-174.743,28.378,-47.247
-0.237,0.112,-1.504,-0.366,4.578,6.226,-174.886,27.971,-47.472
-0.282,-0.0,-1.357,12.39,-8.85,6.592,-174.749,28.251,-48.214
0.0,-0.16,-0.886,4.028,30.945,18.616,-174.496,27.62,-49.076
0.146,-0.138,-0.897,8.423,20.508,20.386,-174.309,26.197,-50.427
-0.05,-0.213,-0.922,9.094,12.634,8.789,-173.672,25.889,-51.163
0.021,-0.197,-0.856,7.324,11.414,10.437,-173.265,24.911,-51.976
-0.021,-0.215,-0.769,0.977,-0.061,8.423,-172.892,24.489,-52.635
-0.153,-0.148,-0.774,-5.31,-16.602,11.169,-172.859,24.95,-53.212
-0.196,-0.119,-0.806,-6.836,-16.907,17.944,-173.002,25.763,-54.064
-0.268,-0.111,-0.994,-6.592,-2.991,23.926,-173.254,26.477,-55.311
-0.225,-0.142,-1.06,-2.808,3.967,17.09,-173.441,26.581,-56.53
-0.114,-0.146,-1.198,-5.188,11.475,5.92,-173.557,26.285,-57.332
-0.14,-0.088,-1.297,-4.944,0.244,-10.132,-173.617,25.988,-57.365
-0.164,0.03,-1.044,-12.451,-5.798,-25.269,-173.716,26.526,-56.376
-0.0,0.084,-0.929,-12.573,19.714,-21.851,-174.139,25.928,-55.459
-0.044,0.213,-0.954,-21.301,2.502,-15.503,-175.084,25.483,-54.877
-0.07,0.229,-0.983,-13.916,12.268,-19.958,-176.017,24.966,-54.338
-0.07,0.134,-0.838,-7.812,-2.625,-36.255,-176.534,24.664,-53.157
-0.108,0.105,-0.713,-5.554,-7.202,-35.217,-176.907,24.972,-51.751
-0.119,0.095,-0.717,-4.15,-12.207,-27.893,-177.177,25.422,-50.62
-0.163,0.099,-0.902,6.287,0.427,-30.212,-177.209,25.906,-49.592
-0.122,0.103,-1.006,3.54,-1.465,-23.01,-176.99,25.988,-48.631
-0.185,0.103,-1.162,5.005,-5.92,-9.583,-176.819,26.296,-48.142
-0.124,0.127,-1.166,2.014,1.77,7.08,-176.808,26.433,-48.406
-0.325,0.086,-1.388,13.794,-9.705,24.414,-176.924,26.96,-49.741
-0.139,-0.078,-1.037,23.01,10.376,25.696,-176.32,26.922,-51.273
0.046,-0.25,-0.859,22.034,1.282,20.325,-175.336,26.543,-52.767
-0.041,-0.273,-0.908,10.803,3.662,8.484,-174.529,26.417,-53.525
0.058,-0.208,-0.923,-4.395,12.085,6.653,-174.348,25.604,-54.009
0.032,-0.187,-0.819,-8.85,-7.141,1.282,-174.452,25.4,-54.218
-0.139,-0.088,-0.755,-18.433,-17.029,1.343,-174.902,26.093,-54.218
-0.176,-0.039,-0.747,-19.043,-16.907,4.639,-175.627,26.818,-54.421
-0.282,-0.001,-0.901,-16.541,-15.442,3.052,-176.358,27.702,-54.673
-0.302,-0.021,-0.989,-11.658,-1.221,1.831,-176.924,28.158,-54.86
-0.153,-0.073,-1.021,-12.146,8.606,2.747,-177.391,27.834,-55.047
-0.15,-0.08,-1.2,-5.493,11.658,-6.653,-177.654,27.422,-54.998
-0.263,-0.014,-1.264,-5.31,-7.08,-15.808,-177.715,27.274,-54.492
-0.359,0.062,-1.173,-12.634,9.583,-30.945,-177.737,28.01,-53.223
0.008,0.077,-0.951,-14.038,50.781,-26.428,-178.094,26.537,-51.795
0.121,0.203,-0.907,-21.301,-0.61,-21.484,-179.017,25.131,-50.74
-0.083,0.186,-0.962,-11.536,-11.414,-22.217,-179.769,25.422,-49.752
-0.117,0.155,-0.824,-6.104,-3.113,-11.23,179.797,25.741,-49.087
-0.143,0.129,-0.79,-4.089,-7.568,-7.324,179.478,26.01,-48.818
-0.118,0.132,-0.749,-8.179,-8.667,-4.578,179.066,26.351,-48.658
-0.186,0.163,-0.79,-6.592,-13.428,-2.075,178.572,26.977,-48.697
-0.229,0.181,-0.904,-0.305,6.47,-4.822,178.341,27.296,-48.609
-0.141,0.206,-0.978,0.977,10.315,-2.014,178.248,26.873,-48.505
-0.168,0.284,-1.037,7.874,9.216,1.16,178.248,26.609,-48.582
-0.259,0.231,-1.29,20.874,2.869,8.24,178.715,26.252,-48.812
-0.356,0.174,-1.284,22.583,-6.592,13.367,179.489,26.548,-49.482
-0.103,0.052,-1.016,33.386,31.067,19.897,-179.456,25.845,-50.279
0.144,-0.116,-0.843,33.508,24.475,24.597,-177.99,24.45,-51.334
0.05,-0.135,-0.867,20.752,1.404,17.09,-176.907,24.011,-52.421
-0.024,-0.183,-0.958,16.052,3.113,7.874,-175.941,23.736,-52.905
-0.007,-0.185,-0.872,5.188,3.357,2.197,-175.276,23.483,-52.96
-0.106,-0.121,-0.868,-2.38,-15.137,3.174,-175.023,23.681,-52.927
-0.222,-0.075,-0.808,-5.371,-10.132,2.869,-175.051,24.412,-52.905
-0.228,-0.029,-0.888,-6.348,-1.709,7.202,-175.232,24.763,-52.993
-0.166,-0.025,-0.965,-0.427,12.573,23.621,-175.358,24.576,-53.696
-0.043,-0.07,-0.976,1.221,10.925,18.677,-175.353,24.077,-54.613
-0.178,-0.091,-1.167,4.639,3.479,-4.517,-175.144,24.077,-54.597
-0.199,-0.09,-1.198,6.409,9.094,-13.367,-174.721,23.736,-53.915
-0.08,-0.006,-1.071,-7.507,19.775,-20.142,-174.595,23.17,-52.723
0.173,0.124,-0.957,-8.179,25.696,-21.423,-174.968,21.753,-51.619
0.133,0.136,-0.938,2.991,7.935,-24.78,-175.128,20.869,-50.284
0.023,0.032,-1.015,8.789,8.057,-15.015,-174.814,20.336,-49.07
0.076,-0.013,-0.944,2.93,7.019,-10.254,-174.595,19.786,-48.279
0.007,0.053,-0.86,-2.686,-8.362,-15.686,-174.803,19.759,-47.554
-0.058,0.013,-0.818,-1.16,-14.587,-24.231,-174.941,20.204,-46.335
-0.122,0.042,-0.865,-4.761,-5.249,-17.517,-175.182,20.715,-45.137
-0.114,0.062,-0.932,-2.93,1.404,-21.179,-175.424,20.814,-44.0
-0.047,0.086,-1.004,-4.822,1.892,-15.32,-175.655,20.665,-42.902
-0.052,0.144,-1.041,-1.831,1.526,-7.507,-175.946,20.654,-42.226
-0.051,0.165,-1.2,3.662,1.099,6.897,-176.05,20.605,-42.188
-0.17,0.126,-1.192,6.592,-17.456,2.625,-175.995,21.16,-42.303
-0.198,-0.01,-1.139,19.104,14.526,-10.315,-175.452,21.357,-41.808
0.104,-0.1,-0.927,17.761,28.381,-9.216,-174.633,20.242,-41.215
0.128,-0.169,-0.886,17.029,6.714,-13.489,-173.826,19.627,-40.496
0.238,-0.191,-0.895,0.671,5.798,-12.146,-173.271,18.853,-39.683
0.128,-0.131,-0.884,-3.296,-6.714,-17.517,-173.221,18.71,-38.743
0.005,-0.104,-0.879,-0.732,-8.972,-20.325,-173.172,18.825,-37.524
-0.034,-0.104,-0.875,-1.77,-6.592,-15.442,-173.084,19.039,-36.42
-0.087,-0.07,-0.877,-2.136,-13.55,-13.977,-173.084,19.396,-35.557
-0.17,-0.047,-0.892,-2.136,-18.188,-12.268,-173.101,20.193,-34.717
-0.185,-0.1,-0.955,6.592,-1.648,-14.404,-172.892,20.797,-33.964
-0.117,-0.177,-0.982,4.7,5.188,-19.226,-172.524,20.775,-33.014
0.009,-0.271,-1.156,-2.502,15.32,-26.855,-172.293,20.297,-31.707
0.073,-0.165,-1.348,-10.925,9.583,-25.452,-172.502,19.589,-30.366
-0.142,-0.046,-1.146,-10.437,-23.499,-46.753,-172.793,20.451,-28.339
-0.086,0.055,-0.988,-12.512,15.625,-53.406,-173.26,20.407,-25.697
0.237,0.102,-0.882,-12.146,13.123,-52.673,-173.87,19.056,-23.071
0.153,0.096,-0.933,-4.517,-0.732,-50.232,-174.348,18.633,-20.479
0.025,0.07,-0.886,-3.662,-10.986,-38.879,-174.639,18.891,-18.347
-0.061,0.062,-0.856,-0.488,-6.653,-42.908,-174.891,19.265,-16.304
-0.062,0.028,-0.828,2.136,-5.676,-44.373,-174.963,19.451,-14.079
-0.105,0.027,-0.855,-3.052,-7.69,-34.79,-175.067,19.792,-12.041
-0.134,0.047,-0.88,-2.319,-4.7,-32.898,-175.27,20.16,-10.327
-0.103,0.034,-0.932,-1.648,6.287,-37.598,-175.397,20.176,-8.542
-0.031,0.052,-0.942,-3.357,2.747,-36.56,-175.589,20.028,-6.652
-0.06,0.06,-0.95,-4.822,-4.639,-25.33,-175.814,20.292,-5.054
-0.039,0.104,-0.961,-5.859,-4.517,-12.695,-176.182,20.561,-4.142
-0.194,0.161,-1.244,1.282,-11.719,-5.066,-176.473,21.05,-3.829
-0.198,0.053,-1.055,12.451,-10.803,-12.573,-176.21,21.797,-3.521
-0.023,-0.024,-0.953,11.536,7.263,-11.841,-175.715,21.797,-3.087
0.098,-0.083,-0.964,9.521,8.606,-12.085,-175.215,21.401,-2.67
-0.005,-0.082,-0.916,2.014,-24.231,-19.897,-174.985,21.89,-2.082
-0.173,-0.051,-0.985,2.991,-4.089,-26.428,-174.76,22.648,-0.967
-0.09,-0.026,-0.978,6.836,12.329,-23.743,-174.397,22.385,0.088
-0.046,-0.051,-0.937,-1.404,2.014,-23.376,-174.078,21.89,1.099
-0.084,-0.002,-0.934,-6.104,0.061,-26.367,-174.205,21.83,2.12
-0.085,-0.02,-0.916,0.977,2.93,-38.269,-174.26,21.791,3.499
-0.054,-0.082,-0.895,1.465,2.319,-42.969,-174.089,21.627,5.268
-0.042,-0.102,-0.935,-5.127,8.118,-45.227,-174.056,21.396,7.207
-0.003,-0.109,-1.032,-3.296,4.7,-49.744,-174.1,20.978,9.289
-0.098,-0.123,-1.164,-2.991,-2.258,-53.04,-174.056,20.984,11.618
-0.101,-0.087,-1.174,-5.92,-3.967,-51.27,-174.056,21.072,13.914
-0.045,0.039,-1.101,-15.32,8.301,-31.677,-174.551,21.132,15.612
0.216,0.085,-0.854,-18.25,3.357,-43.152,-175.419,20.709,17.089
0.098,0.159,-0.972,-21.851,-24.109,-73.73,-176.501,21.566,19.869
-0.169,0.341,-0.972,-11.536,-23.438,-91.187,-177.27,22.626,23.752
0.072,0.049,-0.958,17.822,-17.212,-107.849,-176.495,23.714,28.493
-0.19,-0.087,-0.886,-7.08,-29.175,-109.985,-175.913,24.835,33.497
-0.345,0.186,-0.944,-9.705,-18.86,-48.584,-175.847,26.065,37.397
-0.059,0.076,-0.879,-9.094,0.122,-25.818,-176.545,25.867,37.958
-0.077,0.055,-0.889,-17.456,-17.395,-27.466,-177.122,26.384,38.947
-0.102,0.222,-0.969,-17.395,-39.368,-49.866,-178.044,27.697,40.402
-0.286,0.328,-1.148,2.808,-53.955,-22.766,-178.275,30.125,41.995
-0.07,-0.021,-1.049,32.532,-56.152,-24.414,-177.237,32.41,42.435
-0.064,-0.166,-0.955,32.776,-66.223,-29.785,-175.364,35.305,43.72
-0.517,-0.187,-0.92,7.996,-57.129,-30.518,-174.315,38.007,44.901
-0.691,-0.22,-0.961,-0.183,-10.925,-7.996,-173.617,39.496,45.901
-0.446,-0.117,-0.828,3.174,43.335,8.423,-173.54,38.145,45.461
-0.384,-0.091,-0.793,-0.305,53.04,-2.747,-173.392,35.892,45.104
-0.22,-0.043,-0.869,-13.062,41.626,-17.944,-173.589,33.624,45.324
-0.147,-0.008,-0.921,-12.451,21.912,-26.55,-173.881,32.311,46.357
-0.082,-0.069,-0.873,0.61,22.034,-15.198,-173.864,31.24,47.076
-0.094,-0.169,-1.05,-15.259,-2.319,-27.344,-173.864,30.701,47.818
-0.177,-0.057,-1.142,-19.47,-4.822,-48.584,-174.309,30.712,49.62
-0.257,-0.074,-1.12,-5.798,-8.24,-49.438,-174.26,31.08,52.053
-0.237,-0.007,-1.032,-16.846,-3.235,-41.565,-174.271,31.229,54.196
-0.106,0.137,-0.854,-15.93,-4.272,-42.908,-174.738,31.223,56.107
-0.159,0.163,-0.816,-14.16,-22.4,-44.067,-175.078,31.723,58.195
-0.481,0.181,-0.95,-14.343,-24.902,-50.293,-175.441,33.157,60.386
-0.491,0.186,-0.9,-11.169,4.517,-59.692,-175.573,33.618,63.144
-0.27,0.166,-0.854,-1.953,23.01,-63.232,-175.369,32.69,66.231
-0.209,0.102,-0.849,0.061,16.479,-61.584,-174.941,31.888,69.269
-0.281,0.116,-0.944,-1.648,6.775,-60.669,-174.639,31.558,72.279
-0.225,0.109,-0.958,1.099,18.066,-57.068,-174.26,30.932,75.196
-0.099,0.085,-0.956,10.437,7.568,-55.603,-173.666,30.108,77.981
-0.269,0.009,-1.043,14.648,-17.273,-42.114,-172.771,30.245,80.607
-0.461,-0.027,-1.213,11.719,-22.217,-22.705,-171.964,31.146,82.359
-0.24,-0.122,-1.091,15.076,23.621,-27.832,-171.238,31.212,83.513
-0.005,-0.175,-0.988,16.174,31.25,-32.776,-170.239,29.745,85.051
0.13,-0.271,-0.936,6.409,11.902,-29.053,-169.365,28.136,86.462
0.059,-0.313,-0.976,-3.418,-12.573,-47.852,-168.915,27.779,88.478
-0.152,-0.2,-0.985,-12.878,-17.151,-51.27,-168.86,28.136,91.434
-0.112,-0.146,-0.897,-11.108,-12.817,-36.072,-168.942,28.394,93.812
-0.219,-0.158,-0.883,-3.235,-22.705,-37.354,-168.843,29.042,95.817
-0.271,-0.203,-0.909,0.61,-12.146,-38.208,-168.398,29.575,98.015
-0.201,-0.271,-0.891,-4.456,-4.639,-29.236,-168.058,29.658,99.86
-0.192,-0.309,-0.927,-10.01,-1.648,-27.283,-167.97,29.647,101.497
-0.148,-0.251,-0.941,-19.836,-3.601,-20.63,-168.448,29.575,102.788
-0.214,-0.278,-1.018,-15.32,-10.681,-34.302,-168.788,29.811,104.474
-0.267,-0.289,-1.109,-21.667,-6.287,-35.889,-169.074,29.965,106.622
-0.267,-0.2,-1.135,-28.87,-19.714,-48.462,-169.673,30.339,108.957
-0.369,-0.056,-1.252,-36.56,-5.798,-48.828,-170.574,30.85,111.78
0.084,0.127,-0.917,-46.387,26.245,-31.921,-172.106,29.685,114.071
-0.005,0.273,-0.899,-49.561,-15.259,-29.48,-174.298,29.268,115.862
-0.218,0.337,-1.036,-22.522,9.583,-38.818,-176.039,29.52,117.966
-0.145,0.261,-0.994,-7.507,23.254,-31.86,-176.737,28.586,120.13
-0.025,0.188,-0.894,0.549,14.465,-17.395,-176.995,27.323,121.723
-0.061,0.143,-0.838,2.258,7.996,-18.921,-177.105,26.708,123.052
-0.069,0.096,-0.809,1.038,4.028,-25.024,-177.149,26.29,124.618
-0.06,0.071,-0.88,2.197,5.493,-31.982,-177.122,25.977,126.541
-0.052,0.04,-0.981,-2.502,-1.038,-27.405,-177.067,25.746,128.54
-0.071,0.061,-1.051,-6.47,-3.052,-23.621,-177.281,25.801,130.248
-0.058,0.13,-1.196,-13.794,-0.488,-4.211,-177.819,25.746,131.446
-0.123,0.183,-1.138,-9.766,-20.935,14.954,-178.55,26.175,131.523
-0.307,0.013,-1.201,-2.319,-0.854,25.818,-178.918,26.96,130.803
0.097,0.04,-0.876,-7.629,4.822,33.875,-179.665,26.274,129.529
-0.066,-0.044,-0.876,8.057,-21.118,17.822,-179.764,26.565,128.408
-0.142,-0.082,-0.929,0.854,10.864,18.677,-179.495,26.834,127.7
-0.027,-0.04,-0.941,3.113,15.137,16.052,-179.379,25.988,126.909
-0.09,-0.065,-0.881,1.587,-10.498,11.108,-179.121,25.845,126.2
-0.172,-0.045,-0.846,-0.671,-15.991,8.179,-178.995,26.417,125.634
-0.231,-0.053,-0.842,-4.517,-9.644,5.066,-179.011,27.147,125.189
-0.202,-0.028,-0.834,-9.705,-8.179,7.324,-179.264,27.592,124.766
-0.205,-0.022,-0.947,-6.897,-6.958,8.362,-179.561,28.032,124.217
-0.148,-0.017,-1.005,-5.188,-4.883,9.46,-179.786,28.361,123.514
-0.215,-0.038,-1.215,-3.357,-3.784,2.441,-179.802,28.586,122.948
-1.927,0.278,-11.398,-4.822,-3.113,-9.949,-179.852,28.729,122.849
-0.12,0.066,-1.121,9.827,-5.127,-50.232,-179.335,29.29,124.321
-0.01,-0.038,-0.866,1.526,-8.484,-49.622,-178.511,29.614,126.65
-0.255,0.166,-0.932,-37.964,-5.981,-13.428,-179.67,30.377,127.639
-0.139,0.27,-0.899,-23.621,21.973,-15.503,178.797,29.625,128.183
-0.024,0.219,-0.843,-10.681,10.62,-17.151,178.011,28.839,129.007
-0.138,0.12,-0.747,-5.615,-19.714,-11.108,177.665,29.114,129.556
-0.247,0.108,-0.721,-5.432,-18.25,-11.292,177.352,30.07,129.902
-0.343,0.114,-0.759,-9.338,-10.132,-11.108,177.045,30.844,130.325
-0.393,0.151,-0.826,-11.78,-2.258,-11.841,176.561,31.36,130.825
-0.326,0.217,-0.908,-11.841,18.25,-12.878,176.039,31.262,131.594
-0.228,0.267,-0.95,-9.644,15.747,-13.794,175.567,30.701,132.413
-0.2,0.378,-1.051,-5.981,9.216,-19.165,175.21,30.421,133.33
-0.161,0.411,-1.017,0.061,5.188,-24.963,175.089,30.306,134.594
-0.346,0.293,-1.187,8.423,-20.935,-26.489,175.358,31.119,135.862
-0.45,0.253,-1.318,16.907,6.165,-25.94,176.083,31.586,137.285
-0.179,0.073,-1.136,31.25,17.09,-8.362,177.402,31.047,138.323
0.008,-0.1,-0.896,34.79,10.315,6.531,178.94,30.207,138.625
-0.089,-0.184,-0.886,30.212,-1.282,7.385,-179.495,29.949,138.34
-0.086,-0.221,-0.937,11.658,22.705,20.203,-178.385,29.279,137.73
0.028,-0.193,-0.875,1.404,14.282,25.452,-178.022,28.141,136.538
-0.088,-0.136,-0.756,-12.634,-23.254,25.94,-178.215,28.174,135.0
-0.205,-0.08,-0.757,-16.785,-30.334,26.794,-178.879,29.306,133.363
-0.318,-0.011,-0.853,-18.738,-21.851,32.41,-179.758,30.575,131.578
-0.296,0.045,-0.928,-14.038,-9.766,35.034,179.297,31.234,129.529
-0.222,0.063,-1.029,-1.038,-2.136,35.278,178.792,31.41,127.37
-0.216,0.063,-1.126,7.507,0.122,28.32,178.77,31.317,125.359
-0.257,0.084,-1.284,0.183,-1.709,2.869,178.973,31.185,124.211
-0.3,0.101,-1.183,9.155,-12.207,-29.419,179.451,31.69,124.574
-0.114,0.112,-0.915,-1.587,11.658,-34.363,-179.94,31.657,126.183
-0.063,0.152,-0.824,-10.681,-14.771,-22.217,179.989,31.822,127.271
-0.299,0.235,-0.935,-21.24,-5.737,-17.761,179.105,32.778,127.744
-0.16,0.232,-0.906,-11.536,26.917,-31.25,178.467,32.168,128.99
-0.034,0.202,-0.855,-9.888,15.869,-24.841,178.105,31.141,130.545
-0.193,0.173,-0.829,-8.545,-10.803,-22.217,177.704,31.218,131.715
-0.243,0.174,-0.785,-10.071,-6.287,-21.057,177.286,31.696,132.808
-0.264,0.13,-0.762,-8.24,-11.108,-27.039,176.979,32.157,134.094
-0.354,0.144,-0.83,-11.719,-14.038,-27.71,176.66,33.014,135.654
-0.348,0.187,-0.92,-12.573,1.038,-22.034,176.248,33.574,137.181
-0.275,0.208,-0.917,-12.695,-4.761,-16.235,175.754,33.898,138.472
-0.324,0.264,-0.951,-10.315,-10.437,-11.719,175.237,34.59,139.565
-0.334,0.332,-1.01,-0.854,-1.16,-11.353,174.957,34.98,140.455
-0.431,0.254,-1.116,11.658,-18.066,-14.343,175.446,35.656,141.438
-0.562,0.218,-1.252,12.573,-1.709,-17.883,176.083,36.26,142.581
-0.429,0.021,-1.229,11.292,5.737,-7.141,176.836,36.161,143.849
-0.216,-0.067,-0.922,0.183,13.489,24.658,176.94,35.7,143.756
-0.063,0.075,-0.779,2.747,1.709,28.564,176.364,34.854,142.284
-0.276,-0.047,-0.863,8.24,-0.244,19.531,176.776,35.151,141.658
-0.268,-0.03,-0.863,5.92,31.006,39.978,176.863,34.156,140.372
-0.058,-0.076,-0.813,2.808,23.499,40.405,176.885,32.19,138.554
-0.139,-0.062,-0.849,-2.075,-6.592,34.973,176.754,31.542,136.763
-0.296,-0.015,-0.885,-5.981,-8.301,36.011,176.457,31.794,134.841
-0.267,0.026,-0.888,-4.822,-4.944,44.922,175.984,31.844,132.55
-0.255,0.048,-0.962,-5.31,-0.977,47.485,175.49,31.8,129.875
-0.169,0.105,-0.983,-7.141,0.732,44.922,174.88,31.443,127.227
-0.203,0.251,-1.146,-3.052,3.662,21.057,174.304,31.141,125.129
-0.176,0.188,-1.188,12.756,-5.676,-13.794,174.677,31.091,124.799
-0.481,0.083,-1.214,1.038,-33.936,-30.273,175.578,32.789,125.755
-0.448,0.201,-1.07,-13.55,9.399,-19.409,175.468,33.426,126.617
-0.029,0.214,-0.849,-19.592,16.541,-26.917,175.106,32.41,127.963
-0.121,0.296,-0.858,-32.837,-15.076,-21.179,173.919,32.745,129.15
-0.199,0.378,-0.851,-31.006,3.723,-22.644,172.419,33.063,130.254
-0.045,0.354,-0.769,-18.616,-11.292,-30.579,171.354,33.184,131.748
-0.15,0.312,-0.716,-13.367,-39.185,-28.503,170.656,34.563,133.149
-0.403,0.319,-0.77,-13.184,-35.645,-24.353,169.986,36.777,134.127
-0.413,0.351,-0.788,-8.301,-19.775,-23.682,169.481,38.287,135.258
-0.43,0.341,-0.774,0.488,-22.034,-22.461,169.415,39.507,136.659
-0.473,0.333,-0.81,6.531,-22.217,-23.315,169.64,40.875,137.983
-0.523,0.286,-0.809,9.644,-14.221,-22.583,170.261,42.138,139.406
-0.542,0.302,-0.86,5.798,-4.211,-19.531,170.771,42.874,140.784
-0.473,0.338,-0.928,7.996,13.977,-20.813,171.321,42.797,142.526
-0.461,0.292,-0.888,12.817,-7.08,-18.25,172.035,43.0,144.086
-0.662,0.247,-1.029,16.418,12.329,-17.761,172.941,43.248,145.574
-0.487,0.185,-1.029,20.386,23.926,-9.888,174.073,42.468,147.206
-0.419,0.099,-0.994,23.926,25.452,10.925,175.045,41.506,147.865
-0.202,-0.011,-0.874,27.71,29.358,13.123,176.078,39.93,148.085
-0.191,-0.074,-0.856,28.381,24.475,11.475,177.341,38.595,148.26
-0.17,-0.132,-0.895,22.705,22.644,13.184,178.632,37.216,148.475
-0.177,-0.161,-0.875,16.357,12.512,16.541,179.61,36.255,148.354
-0.278,-0.146,-0.801,3.967,-1.343,19.714,-179.852,35.826,148.057
-0.364,-0.126,-0.809,-0.488,-6.592,23.01,-179.775,36.024,147.75
-0.393,-0.11,-0.805,-3.967,-0.916,28.625,-179.978,36.315,147.244
-0.384,-0.101,-0.825,-8.24,0.549,36.499,179.511,36.414,146.475
-0.342,-0.038,-0.876,-14.465,3.357,48.157,178.473,36.37,145.168
-0.308,0.009,-0.953,-16.785,8.301,49.866,177.198,36.013,143.339
-0.273,0.142,-1.125,-4.944,21.301,31.372,176.248,35.112,141.839
-0.188,0.07,-1.2,8.728,18.921,13.184,176.369,33.975,141.383
-0.316,-0.057,-1.153,-7.263,-33.813,-11.108,176.688,34.574,141.68
-0.512,0.043,-1.133,-33.264,-20.691,-13.55,175.869,36.052,142.322
-0.149,0.242,-0.817,-45.654,10.864,-7.08,174.1,35.865,143.273
-0.256,0.418,-0.856,-54.871,-11.963,1.953,171.722,35.92,143.899
-0.326,0.564,-0.911,-41.809,6.653,7.874,169.129,35.975,144.069
-0.18,0.501,-0.842,-11.658,34.119,0.854,167.717,34.761,144.723
-0.069,0.437,-0.789,-1.648,22.278,-11.841,167.322,33.311,146.245
-0.18,0.335,-0.746,2.808,0.183,-18.982,167.371,33.019,147.876
-0.245,0.286,-0.724,1.343,-2.075,-17.883,167.448,33.195,149.524
-0.318,0.301,-0.765,-3.601,8.789,-17.456,167.338,33.239,151.337
-0.279,0.269,-0.791,-2.319,10.559,-19.531,167.267,33.019,153.572
-0.335,0.296,-0.878,-8.118,13.0,-11.353,167.025,32.8,155.775
-0.24,0.352,-0.88,-9.155,12.817,-1.587,166.558,32.3,157.643
-0.251,0.441,-0.912,-4.272,3.113,3.967,166.058,32.069,158.917
-0.193,0.49,-0.909,2.136,3.418,4.822,165.811,31.816,160.005
-0.336,0.475,-0.963,15.625,-21.362,0.427,166.009,32.349,160.724
-0.401,0.411,-1.078,19.104,6.226,-14.709,166.756,32.706,162.23
-0.244,0.321,-1.193,16.846,7.812,-30.701,167.827,32.492,164.916
-0.289,0.302,-1.203,3.967,4.822,1.526,168.409,32.64,166.976
-0.078,0.259,-0.943,7.996,6.592,23.56,168.492,32.108,167.629
-0.091,0.134,-0.806,24.658,-15.625,15.991,169.058,31.844,167.531
-0.198,0.074,-0.861,27.344,-9.033,7.874,170.266,32.278,167.789
-0.14,-0.009,-0.864,20.142,13.123,19.531,171.475,31.74,168.239
-0.107,-0.026,-0.851,10.071,5.371,16.968,172.26,31.058,168.607
-0.225,0.072,-0.831,-7.996,-6.592,17.883,172.31,31.014,168.926
-0.296,0.118,-0.849,-7.751,-4.333,17.09,171.925,31.163,169.266
-0.287,0.156,-0.839,-2.93,-7.568,14.404,171.661,31.36,169.909
-0.343,0.148,-0.858,-2.441,-10.193,20.142,171.403,31.805,170.244
-0.345,0.154,-0.929,-4.211,2.808,21.667,171.008,31.932,170.508
-0.256,0.166,-0.926,-5.371,10.01,22.949,170.557,31.514,170.936
-0.193,0.206,-0.983,-2.93,11.841,10.864,170.244,30.921,171.519
-0.235,0.202,-1.083,3.784,12.756,-10.071,170.392,30.454,172.903
-0.228,0.055,-1.07,0.366,-9.644,-38.452,170.958,30.74,175.754
-0.388,0.132,-1.223,-22.217,3.723,-27.588,170.958,31.767,178.824
-0.159,0.267,-1.026,-30.64,10.498,-20.081,170.041,31.729,-178.44
-0.1,0.374,-0.875,-32.043,-13.123,-18.433,168.898,31.987,-176.149
-0.251,0.449,-0.906,-34.973,-12.39,-8.362,167.36,32.789,-174.705
-0.146,0.502,-0.862,-18.921,24.292,-17.517,166.031,32.437,-173.062
-0.012,0.451,-0.786,-4.333,20.508,-21.729,165.619,31.514,-170.898
-0.045,0.317,-0.726,6.714,-4.578,-21.484,165.877,31.355,-169.091
-0.148,0.295,-0.727,4.944,-10.925,-18.616,166.163,31.844,-167.646
-0.278,0.284,-0.797,-1.404,-4.272,-20.386,166.306,32.366,-166.069
-0.288,0.292,-0.793,-3.296,-0.671,-26.245,166.311,32.717,-164.075
-0.343,0.255,-0.775,-6.653,-12.451,-32.349,166.328,33.53,-161.713
-0.442,0.275,-0.789,-10.864,-15.625,-29.175,166.102,34.783,-159.412
-0.412,0.338,-0.773,-9.338,5.188,-20.508,165.751,35.497,-157.209
-0.356,0.404,-0.845,-5.493,12.573,-11.597,165.493,35.524,-155.325
-0.361,0.475,-0.945,0.732,15.747,-10.742,165.377,35.162,-153.682
-0.362,0.488,-1.066,8.789,14.16,-6.409,165.685,34.777,-152.133
-0.241,0.473,-1.083,24.536,29.602,-16.907,166.487,33.931,-150.562
-0.308,0.2,-1.145,33.203,-8.728,-22.644,168.387,33.64,-148.354
-0.523,0.203,-1.215,20.508,-7.202,3.357,169.711,34.25,-147.239
-0.322,0.171,-1.061,23.499,28.564,23.071,170.491,33.635,-147.025
-0.103,0.078,-0.932,30.457,33.569,29.541,171.568,31.882,-147.09
0.04,-0.102,-0.771,36.011,14.893,32.349,173.145,30.493,-147.519
-0.062,-0.158,-0.851,23.926,6.836,31.982,174.534,29.729,-148.063
-0.03,-0.092,-0.917,-6.287,25.94,57.434,174.787,28.564,-149.002
0.067,0.014,-0.834,-18.555,7.019,65.186,173.99,27.241,-150.754
-0.152,0.196,-0.827,-14.099,-34.363,52.246,172.963,27.74,-152.704
-0.257,0.238,-0.841,-5.127,-30.823,51.819,172.271,28.812,-154.594
-0.277,0.217,-0.896,15.137,-16.479,48.157,172.178,29.372,-156.555
-0.227,0.144,-0.925,25.269,-23.254,38.757,172.804,29.91,-158.016
-0.244,0.11,-0.968,27.344,-18.066,36.804,173.71,30.652,-159.406
-0.309,0.059,-1.166,26.306,-10.315,24.475,174.787,31.146,-160.494
-0.292,0.066,-1.115,15.808,-16.357,8.118,175.715,31.63,-160.917
-0.506,0.169,-1.212,-4.761,-13.062,-12.451,176.072,32.91,-160.488
-0.247,0.204,-0.934,-12.085,32.776,-28.015,175.946,32.657,-158.934
0.004,0.288,-0.831,-29.907,11.108,-47.363,175.397,31.317,-156.517
-0.169,0.378,-0.884,-31.128,3.052,-54.932,174.309,31.443,-153.792
-0.169,0.417,-0.872,-15.503,20.996,-58.228,173.688,31.053,-150.573
-0.092,0.397,-0.853,-6.531,20.935,-58.167,173.535,30.449,-147.365
-0.15,0.316,-0.822,1.526,0.122,-60.608,173.76,30.498,-144.223
-0.229,0.265,-0.789,0.671,0.305,-64.819,174.144,30.948,-140.9
-0.287,0.256,-0.777,-0.793,1.709,-66.04,174.457,31.377,-137.368
-0.298,0.226,-0.813,2.014,1.221,-66.589,174.957,31.882,-133.742
-0.294,0.222,-0.898,3.418,1.038,-53.894,175.496,32.366,-130.507
-0.291,0.225,-1.025,0.183,-3.113,-40.222,175.968,32.805,-127.87
-0.326,0.252,-1.101,4.578,6.775,-33.875,176.32,33.047,-125.766
-0.472,0.159,-1.266,7.324,-16.235,-35.583,176.88,33.58,-123.959
-0.502,0.119,-1.288,7.141,12.695,-35.95,177.589,34.014,-121.866
0.061,0.01,-0.979,13.55,31.921,-23.499,178.451,32.827,-120.004
0.125,-0.046,-0.949,6.409,8.484,-18.494,179.258,31.811,-118.608
0.055,0.044,-0.975,-5.127,3.723,-28.931,179.495,31.465,-117.235
0.036,0.003,-0.908,-0.366,2.258,-42.664,179.863,31.157,-115.109
-0.049,-0.027,-0.892,-2.319,-5.005,-49.866,-179.583,30.938,-112.522
-0.145,-0.015,-0.828,-2.869,-9.155,-56.213,-179.039,31.185,-109.622
-0.301,-0.062,-0.798,-5.981,-10.315,-63.232,-178.418,31.641,-106.309
-0.346,-0.045,-0.811,-9.277,-1.221,-64.941,-177.968,31.965,-102.876
-0.333,-0.081,-0.82,-9.216,2.625,-61.89,-177.545,32.091,-99.503
-0.283,-0.064,-0.803,-10.071,3.296,-55.42,-177.226,32.119,-96.438
-0.233,-0.11,-0.83,-4.578,-3.479,-52.185,-176.71,32.415,-93.631
-0.178,-0.168,-0.894,-2.808,-1.343,-50.659,-176.105,32.662,-91.06
-0.174,-0.217,-0.973,-3.357,-5.92,-51.514,-175.391,32.816,-88.412
-0.286,-0.227,-1.173,-16.174,-4.7,-46.875,-174.902,33.146,-85.809
-0.304,-0.114,-1.078,-20.203,-14.587,-50.232,-174.946,33.552,-83.392
-0.216,-0.018,-0.919,-27.771,-10.62,-46.143,-175.188,34.058,-80.909
-0.179,0.105,-0.921,-47.18,-36.56,-23.254,-176.407,35.052,-79.239
-0.448,0.304,-0.853,-50.232,-59.265,-25.085,-178.649,37.815,-78.464
-0.584,0.344,-0.823,-35.217,-37.476,-41.931,179.742,40.259,-77.08
-0.496,0.231,-0.798,-15.198,15.076,-62.5,179.577,40.897,-74.531
-0.363,0.2,-0.804,-14.648,21.973,-58.96,179.819,40.27,-71.636
-0.348,0.161,-0.801,-15.381,10.254,-49.072,179.874,39.913,-69.258
-0.392,0.177,-0.809,-13.55,0.244,-45.532,179.808,40.012,-67.264
-0.407,0.203,-0.788,-13.0,5.188,-28.87,179.692,40.265,-65.808
-0.385,0.273,-0.889,-5.737,-4.517,-10.132,179.319,40.331,-65.325
-0.5,0.297,-0.914,1.831,-18.616,-8.667,179.066,41.105,-65.511
-0.723,0.252,-1.066,26.184,-13.428,-23.01,179.725,42.198,-65.347
-0.619,0.101,-1.021,39.734,6.104,-25.024,-178.363,42.698,-64.572
-0.421,-0.102,-1.129,39.917,7.141,-17.944,-176.045,42.473,-63.946
-0.209,-0.195,-0.862,25.635,9.338,-10.132,-174.232,42.237,-63.754
-0.134,-0.199,-0.905,9.277,9.277,-14.954,-173.249,41.325,-63.781
-0.229,-0.221,-0.934,2.441,-1.587,-27.649,-172.386,40.99,-62.946
-0.309,-0.119,-0.966,-17.944,15.747,-5.493,-172.529,40.243,-62.551
-0.211,-0.057,-0.876,-25.94,17.7,2.075,-173.529,39.199,-62.897
-0.283,0.046,-0.818,-19.226,-8.24,-8.606,-174.617,38.914,-63.177
-0.366,0.021,-0.817,-11.536,-6.775,-17.944,-175.034,39.216,-62.781
-0.394,-0.048,-0.803,-6.042,1.465,-30.701,-174.952,39.271,-61.88
-0.318,-0.1,-0.775,-8.85,11.414,-37.048,-174.639,38.903,-60.419
-0.294,-0.146,-0.91,-12.695,9.766,-39.734,-174.424,38.32,-58.788
-0.317,-0.215,-1.068,-27.466,-5.92,-37.415,-174.485,38.134,-56.997
-0.351,-0.167,-1.117,-40.039,-17.7,-36.316,-175.32,38.595,-55.388
-0.546,0.007,-1.131,-41.382,-35.645,-48.035,-176.468,40.166,-53.416
-0.558,0.142,-1.03,-37.415,-23.01,-45.776,-177.38,41.655,-51.29
-0.438,0.167,-0.794,-20.081,3.418,-46.631,-177.726,42.369,-49.202
-0.307,0.168,-0.747,-31.006,22.339,-35.461,-178.16,41.765,-47.466
-0.413,0.182,-0.835,-41.077,6.348,-48.035,-179.28,41.44,-46.011
-0.459,0.28,-0.844,-47.668,25.635,-56.396,179.374,40.847,-43.66
-0.306,0.363,-0.874,-30.212,42.358,-56.58,178.358,39.397,-41.122
-0.23,0.33,-0.863,-17.273,37.048,-52.979,177.979,37.82,-38.787
-0.179,0.257,-0.818,-6.714,17.578,-45.044,177.935,36.964,-37.029
-0.184,0.255,-0.811,-7.568,3.54,-41.992,177.918,36.727,-35.53
-0.296,0.236,-0.775,-0.549,-14.343,-40.649,178.05,37.458,-34.189
-0.323,0.251,-0.806,-4.761,-12.085,-26.184,178.094,38.282,-33.387
-0.518,0.341,-0.963,10.437,-21.973,-13.611,177.962,39.375,-33.58
-0.649,0.149,-1.064,30.945,-19.653,-29.48,179.253,40.583,-33.129
-0.645,0.013,-1.237,30.273,2.93,-21.606,-178.923,41.336,-32.547
-0.227,-0.127,-0.944,24.841,61.89,-10.925,-177.336,39.963,-32.344
0.06,-0.208,-0.976,21.545,67.627,-7.568,-175.984,36.595,-32.404
-0.041,-0.29,-0.992,5.371,-3.906,-19.165,-175.029,34.98,-32.25
-0.261,-0.214,-0.926,-15.259,-13.611,-18.188,-174.82,35.244,-31.619
-0.264,-0.072,-0.808,-25.94,-7.874,-6.531,-175.512,35.458,-31.388
-0.27,-0.006,-0.859,-27.649,-7.996,-4.639,-176.578,35.777,-31.514
0.093,-0.002,-1.03,-20.386,-8.85,6.226,-177.556,35.815,-31.855
0.034,0.048,-0.822,-18.494,-60.73,29.968,-178.77,37.326,-33.305
-0.487,0.05,-0.986,-11.047,-76.416,18.433,-179.934,41.056,-35.233
-0.645,0.016,-1.113,-6.47,-39.856,-6.592,179.555,43.5,-35.876
-0.54,-0.118,-1.143,-11.475,-6.226,-39.307,179.896,44.182,-34.744
-0.572,-0.108,-1.039,-37.903,-28.137,-80.505,-179.698,45.088,-31.816
-0.653,0.066,-0.976,-56.152,-10.559,-96.497,-179.626,46.39,-27.114
-0.338,0.214,-0.833,-68.542,24.902,-85.388,179.923,45.879,-22.099
-0.361,0.373,-0.823,-69.885,6.348,-68.176,178.325,45.467,-18.298
-0.442,0.443,-0.844,-42.847,24.719,-64.697,176.88,45.11,-15.238
-0.33,0.368,-0.785,-23.621,29.358,-58.35,176.451,44.203,-12.541
-0.325,0.256,-0.716,-13.55,16.296,-46.021,176.495,43.445,-10.443
-0.357,0.221,-0.693,-9.827,16.174,-47.974,176.611,43.006,-8.641
-0.405,0.125,-0.717,-8.728,9.827,-54.138,177.083,42.764,-6.603
-0.417,0.116,-0.753,-7.935,16.052,-51.758,177.616,42.561,-4.521
-0.402,0.129,-0.847,-11.353,13.062,-38.208,177.979,42.209,-2.917
-0.371,0.155,-0.901,-13.367,10.254,-29.663,178.0,41.88,-1.895
-0.458,0.342,-1.075,-16.724,14.343,-17.395,177.385,41.611,-1.648
-0.452,0.353,-1.118,-2.991,9.033,-19.287,177.171,41.155,-1.417
-0.799,0.264,-1.415,10.315,10.864,-26.733,177.556,41.446,-1.115
-0.265,0.033,-0.984,27.039,71.533,1.343,178.819,39.375,-0.824
0.049,-0.068,-0.854,33.63,67.2,27.771,-179.923,35.914,-2.142
0.044,-0.161,-0.781,37.048,11.658,42.847,-178.687,33.783,-4.609
-0.129,-0.19,-0.901,33.875,7.629,46.57,-177.418,33.113,-7.454
-0.052,-0.257,-0.866,16.785,19.165,38.635,-176.385,32.151,-10.074
-0.07,-0.198,-0.8,-1.16,-2.93,37.781,-176.166,31.47,-12.393
-0.3,-0.104,-0.812,-8.24,-9.583,25.574,-176.561,31.882,-14.387
-0.279,-0.095,-0.837,-7.202,2.441,22.4,-176.913,31.926,-15.925
-0.271,-0.076,-0.908,-7.08,8.85,32.043,-177.33,31.663,-17.688
-0.166,-0.089,-0.955,-5.493,11.658,34.241,-177.753,31.069,-19.715
-0.149,-0.077,-1.083,-9.033,13.184,38.818,-178.297,30.619,-21.857
-0.165,-0.069,-1.322,-7.935,14.038,37.17,-178.857,29.724,-23.983
-0.181,0.026,-1.324,-17.883,-12.085,16.541,-179.626,29.734,-25.543
-0.193,0.138,-1.203,-24.963,0.0,-2.38,179.352,29.943,-25.966
0.106,0.223,-0.827,-35.828,-15.869,-16.541,178.011,29.855,-25.565
-0.276,0.331,-0.836,-43.03,-43.152,-30.273,176.188,31.877,-24.697
-0.336,0.404,-0.802,-34.729,-7.751,-36.194,174.441,33.217,-23.417
-0.228,0.378,-0.78,-8.728,9.094,-45.349,173.65,33.327,-21.693
-0.23,0.33,-0.746,-1.038,5.554,-44.861,173.705,33.393,-19.759
-0.273,0.267,-0.748,5.676,6.775,-44.8,174.078,33.569,-18.029
-0.278,0.224,-0.748,4.639,0.61,-50.293,174.644,33.838,-16.188
-0.339,0.185,-0.817,3.662,-1.892,-58.716,175.314,34.557,-13.947
-0.325,0.177,-0.892,-1.831,-1.953,-53.772,175.897,35.195,-11.64
-0.28,0.203,-0.97,-7.324,-3.967,-39.246,176.149,35.722,-9.899
-0.283,0.229,-1.044,-10.437,0.427,-33.142,176.067,36.085,-8.608
-0.272,0.304,-1.096,-6.47,-15.32,-21.973,175.787,36.398,-7.806
-0.466,0.25,-1.157,-0.61,-43.396,-23.376,175.787,38.172,-7.388
-0.683,0.153,-1.297,19.165,-5.676,-22.4,176.446,39.633,-6.894
-0.354,-0.039,-1.025,24.78,20.264,-12.39,177.869,39.232,-6.438
-0.093,-0.205,-0.867,19.287,15.564,5.859,179.022,38.21,-6.784
-0.169,-0.221,-0.877,-1.221,9.644,18.372,179.478,37.606,-7.581
-0.136,-0.179,-0.838,-7.263,14.221,32.043,179.165,36.749,-9.02
-0.121,-0.109,-0.776,-19.592,-1.343,35.645,178.369,35.942,-10.876
-0.216,-0.03,-0.781,-21.301,-13.855,32.776,177.226,35.975,-12.744
-0.303,0.057,-0.799,-11.963,-20.081,24.963,176.248,36.491,-14.359
-0.354,0.06,-0.836,-5.188,-23.132,23.926,175.682,37.332,-15.886
-0.393,0.103,-0.9,3.418,-18.066,17.822,175.391,38.221,-17.38
-0.386,0.067,-0.872,10.681,-19.836,10.01,175.693,39.078,-18.364
-0.437,-0.015,-0.97,4.7,-9.155,17.273,175.979,39.754,-19.341
-0.427,-0.021,-1.083,-0.549,7.385,10.986,175.984,39.694,-20.193
-0.404,0.083,-1.174,-6.348,-7.263,-6.958,176.028,39.364,-20.281
-0.518,0.222,-1.25,-1.221,-14.832,-13.55,176.1,40.122,-19.874
-0.271,0.074,-0.909,-4.211,26.428,-16.113,176.847,39.798,-19.1
-0.22,0.297,-0.863,-27.832,-10.62,-3.784,176.237,39.073,-18.627
-0.319,0.358,-0.862,-23.926,-0.671,1.465,174.847,39.375,-18.875
-0.261,0.305,-0.766,-7.874,6.042,-16.724,174.067,39.078,-18.759
-0.252,0.27,-0.729,-3.235,4.761,-19.348,173.908,38.936,-18.408
-0.317,0.228,-0.712,-1.526,-4.089,-13.672,173.914,39.084,-18.078
-0.366,0.235,-0.725,0.854,-3.235,-13.916,173.87,39.413,-17.985
-0.424,0.19,-0.754,6.836,-6.104,-14.648,174.172,39.858,-17.941
-0.454,0.173,-0.786,8.667,-6.042,-10.62,174.6,40.413,-18.089
-0.464,0.184,-0.808,1.953,-6.104,-1.526,174.831,40.995,-18.523
-0.439,0.239,-0.882,-0.61,0.122,1.892,174.716,41.243,-19.281
-0.487,0.357,-0.966,-0.671,8.118,0.183,174.474,41.385,-20.11
-0.453,0.432,-1.086,14.771,21.851,-5.798,174.765,40.671,-20.594
-0.465,0.234,-1.303,31.311,0.793,-22.095,176.27,40.507,-20.5
-0.519,0.114,-1.307,31.616,-4.395,-26.489,178.11,40.803,-20.006
-0.365,-0.068,-0.95,29.663,-1.648,-7.751,179.868,41.116,-19.88
-0.313,-0.171,-0.812,30.701,6.226,3.723,-178.698,40.952,-20.396
-0.347,-0.233,-0.827,27.527,19.836,10.01,-177.264,40.331,-21.264
-0.179,-0.271,-0.82,6.714,50.293,35.889,-176.567,38.337,-22.896
-0.053,-0.25,-0.767,-9.705,38.635,46.387,-176.979,36.002,-25.345
-0.122,-0.115,-0.754,-23.01,6.958,39.429,-178.088,34.755,-27.724
-0.183,-0.025,-0.797,-24.475,-4.211,40.588,-179.434,34.442,-29.91
-0.292,0.049,-0.84,-19.47,-13.55,38.818,179.264,34.794,-32.151
-0.312,0.101,-0.885,-11.841,-16.052,37.72,178.149,35.283,-34.508
-0.345,0.131,-0.973,1.343,-9.155,33.386,177.556,35.826,-36.804
-0.29,0.061,-1.014,12.024,-3.113,28.625,177.567,35.92,-38.936
-0.317,-0.026,-1.208,6.592,7.141,13.062,177.935,35.689,-40.281
-0.308,-0.007,-1.212,-0.793,-8.301,2.747,178.055,35.629,-41.006
-0.5,0.098,-1.208,-19.714,-11.719,-6.775,177.715,36.557,-41.177
-0.325,0.214,-0.922,-24.536,16.113,-8.667,176.797,36.348,-41.226
-0.159,0.279,-0.863,-28.442,10.315,-31.982,175.886,35.519,-40.693
-0.198,0.378,-0.851,-27.893,17.029,-45.715,174.891,35.327,-39.622
-0.136,0.38,-0.786,-18.799,15.503,-53.467,174.271,34.893,-38.304
-0.208,0.341,-0.751,-7.874,-1.099,-50.781,174.133,35.085,-37.117
-0.239,0.32,-0.752,-0.061,-0.305,-48.889,174.282,35.618,-36.436
-0.296,0.222,-0.749,6.958,-9.338,-51.208,174.902,36.37,-35.771
-0.348,0.165,-0.771,7.69,-14.648,-52.917,175.787,37.474,-34.948
-0.435,0.137,-0.844,4.822,-15.076,-50.964,176.71,38.749,-34.041
-0.428,0.109,-0.854,5.127,-12.634,-49.133,177.731,39.88,-33.003
-0.417,0.137,-0.88,-2.869,-13.123,-28.87,178.319,40.743,-32.498
-0.475,0.152,-0.925,-1.099,-5.127,-21.912,178.638,41.435,-32.574
-0.417,0.225,-0.969,5.737,-3.357,-3.967,178.759,41.556,-33.398
-0.476,0.187,-0.982,11.23,-18.921,-1.648,179.116,42.363,-34.634
-0.614,0.167,-1.145,19.104,-4.028,0.244,179.637,43.022,-35.925
-0.583,0.089,-1.213,24.17,1.038,-10.742,-179.231,43.149,-36.777
-0.432,-0.043,-1.002,27.039,15.259,9.949,-178.022,42.902,-37.82
-0.16,-0.184,-0.843,30.212,24.78,13.977,-176.935,41.605,-39.479
-0.178,-0.27,-0.853,23.926,14.404,6.409,-175.688,40.594,-40.688
-0.2,-0.242,-0.877,4.578,19.104,15.503,-175.018,39.584,-41.682
-0.166,-0.216,-0.79,0.427,15.381,13.672,-174.902,38.54,-42.852
-0.276,-0.173,-0.819,-7.874,-0.427,8.972,-175.001,38.073,-43.764
-0.305,-0.16,-0.786,-8.24,1.77,9.338,-175.226,37.897,-44.533
-0.365,-0.117,-0.839,-12.268,-2.014,14.099,-175.649,37.897,-45.533
-0.387,-0.086,-0.828,-10.071,-0.427,13.733,-176.144,37.947,-46.659
-0.357,-0.08,-0.88,-8.362,3.296,19.47,-176.561,37.881,-47.95
-0.322,-0.076,-0.927,-10.01,7.874,27.954,-177.209,37.628,-49.669
-0.273,-0.065,-1.004,-10.864,10.315,27.039,-177.979,37.139,-51.52
-0.259,-0.063,-1.111,-11.169,12.146,24.719,-178.731,36.475,-53.212
-0.312,-0.063,-1.182,-14.648,-20.386,10.132,-179.434,36.475,-54.415
-0.492,0.136,-1.24,-34.18,-2.014,18.066,179.456,37.375,-55.355
-0.167,0.253,-0.969,-30.457,23.804,15.259,177.687,36.606,-56.64
-0.094,0.382,-0.89,-29.907,-15.076,8.057,176.05,35.964,-57.766
-0.253,0.411,-0.89,-21.484,-19.104,2.136,174.474,36.716,-59.046
-0.241,0.375,-0.781,-4.7,-10.071,-12.634,173.568,37.255,-59.925
-0.292,0.307,-0.75,3.784,-12.085,-18.921,173.474,37.925,-60.425
-0.312,0.234,-0.695,10.803,0.244,-23.621,173.842,38.419,-60.595
-0.338,0.194,-0.709,13.428,-3.723,-25.33,174.578,38.776,-60.496
-0.402,0.146,-0.756,13.55,-1.526,-29.053,175.534,39.194,-60.211
-0.394,0.117,-0.791,12.939,-5.066,-33.875,176.605,39.754,-59.579
-0.443,0.11,-0.831,10.132,-10.193,-34.119,177.676,40.512,-58.744
-0.484,0.089,-0.86,7.141,-7.629,-30.762,178.654,41.27,-57.969
-0.503,0.16,-0.926,-1.526,4.639,-25.94,179.193,41.627,-57.398
-0.446,0.212,-0.973,2.38,6.531,-32.654,179.736,41.567,-56.596
-0.474,0.09,-0.978,13.428,-8.24,-44.067,-179.05,42.122,-55.267
-0.676,0.019,-1.174,11.841,-2.075,-35.583,-177.709,42.627,-53.893
-0.72,-0.043,-1.305,14.16,23.56,-27.588,-176.418,42.297,-52.85
-0.278,-0.061,-0.979,8.911,60.181,3.052,-175.54,40.386,-52.69
0.036,-0.073,-0.883,12.756,58.167,14.893,-175.215,37.392,-53.844
0.03,-0.189,-0.9,3.052,21.423,-7.141,-174.644,35.59,-54.503
0.034,-0.121,-0.906,-12.085,16.968,-0.244,-174.765,34.371,-54.613
-0.039,-0.123,-0.862,-12.695,-1.831,2.93,-175.276,33.662,-54.987
-0.13,-0.099,-0.839,-13.428,-10.254,3.357,-175.814,33.662,-55.349
-0.238,-0.133,-0.807,-13.611,-18.982,5.92,-176.254,34.146,-55.767
-0.326,-0.113,-0.789,-17.029,-22.888,7.446,-176.918,35.052,-56.349
-0.401,-0.012,-0.821,-28.503,-14.099,5.554,-177.913,35.997,-56.876
-0.347,0.091,-0.867,-21.179,-12.817,-1.16,-179.017,36.661,-57.299
-0.364,0.018,-0.958,-2.93,-4.517,-2.136,-179.203,37.205,-57.354
-0.364,0.005,-1.046,-1.038,4.761,10.01,-179.258,37.222,-57.931
-0.274,0.055,-1.201,6.714,14.343,25.452,-179.462,36.486,-59.425
-0.376,-0.079,-1.212,12.756,-10.559,-7.446,-178.813,36.425,-60.139
-0.5,-0.008,-1.196,-1.709,-1.526,-9.644,-178.314,36.777,-59.98
-0.186,0.125,-0.888,-12.573,17.822,-11.23,-178.506,36.205,-59.832
-0.22,0.193,-0.91,-17.212,0.0,-13.672,-179.066,35.739,-59.568
-0.271,0.26,-0.891,-28.503,-2.075,-13.123,179.879,35.936,-59.436
-0.302,0.323,-0.857,-24.109,-6.409,-20.02,178.61,36.211,-59.194
-0.324,0.285,-0.801,-6.714,-0.183,-22.888,177.94,36.552,-58.716
-0.317,0.217,-0.739,0.061,-0.122,-21.851,177.896,36.749,-58.228
-0.327,0.199,-0.71,10.62,3.296,-19.348,178.143,36.898,-57.953
-0.353,0.107,-0.725,16.418,0.183,-22.827,178.962,37.068,-57.415
-0.371,0.022,-0.769,13.794,-2.502,-25.085,179.901,37.397,-56.717
-0.394,-0.052,-0.858,8.484,-10.071,-24.719,-179.22,38.018,-55.871
-0.465,0.022,-0.917,-21.667,-7.202,-2.686,-179.374,38.732,-55.574
-0.427,0.236,-0.905,-23.865,2.502,10.376,179.33,38.919,-56.14
-0.369,0.358,-0.989,0.61,15.747,6.165,178.643,38.474,-56.942
-0.401,0.245,-1.14,26.855,-7.69,-14.526,179.231,38.337,-56.992
-0.588,0.146,-1.297,31.128,-0.183,-18.311,-179.286,38.705,-56.398
-0.403,-0.014,-1.225,30.273,16.968,-16.724,-177.528,38.309,-55.541
